timestamp,open,high,low,close,volume
2024-09-24,57008.88000000,57058.52000000,56893.89000000,56895.33000000,2.80938682
2024-09-23,56974.20000000,57970.81000000,56080.15000000,57003.00000000,223.65682354
2024-09-22,56772.76000000,57321.60000000,55883.34000000,56988.75000000,146.19246921
2024-09-21,56605.64000000,56937.10000000,56211.31000000,56753.13000000,53.43438343
2024-09-20,56396.66000000,57414.44000000,55813.70000000,56634.75000000,198.00698897
2024-09-19,55571.01000000,57241.75000000,55438.04000000,56385.95000000,329.06309665
2024-09-18,54261.74000000,55604.62000000,53223.45000000,55562.82000000,337.00000766
2024-09-17,52290.93000000,55193.91000000,51790.06000000,54226.05000000,364.06498608
2024-09-16,53320.98000000,53409.25000000,51650.17000000,52276.88000000,227.43877981
2024-09-15,54168.55000000,54488.83000000,52959.70000000,53343.95000000,156.99599343
2024-09-14,54674.74000000,54756.51000000,53700.00000000,54164.78000000,96.08980267
2024-09-13,52489.57000000,54781.85000000,52007.60000000,54673.01000000,250.20037654
2024-09-12,52130.02000000,53116.26000000,51955.86000000,52494.18000000,260.61066202
2024-09-11,52319.39000000,52657.81000000,50490.85000000,52074.02000000,281.19770213
2024-09-10,51723.22000000,52649.00000000,51105.34000000,52311.79000000,212.94548070
2024-09-09,49526.79000000,52624.00000000,49315.32000000,51718.32000000,448.96083805
2024-09-08,48922.03000000,49905.18000000,48417.29000000,49505.02000000,188.58514830
2024-09-07,48768.11000000,49585.80000000,48548.32000000,48900.38000000,218.48358020
2024-09-06,50560.77000000,51382.12000000,47428.66000000,48768.11000000,631.99766844
2024-09-05,52320.31000000,52652.63000000,50084.23000000,50556.80000000,241.17270351
2024-09-04,52036.77000000,52835.55000000,50354.20000000,52323.86000000,397.29997213
2024-09-03,53444.24000000,54065.45000000,51964.87000000,52033.15000000,287.13574297
2024-09-02,51911.95000000,53700.00000000,51709.51000000,53430.92000000,233.61573622
2024-09-01,53385.08000000,53476.90000000,51802.75000000,51931.36000000,203.81632762
2024-08-31,53553.35000000,53855.82000000,53200.00000000,53405.31000000,60.22093735
2024-08-30,53585.98000000,54096.18000000,52280.00000000,53546.16000000,231.76194306
2024-08-29,53109.73000000,55248.92000000,52921.58000000,53604.00000000,286.41399895
2024-08-28,53225.11000000,54189.93000000,52100.00000000,53088.39000000,326.99133822
2024-08-27,56289.73000000,56613.32000000,51950.00000000,53225.98000000,464.08729339
2024-08-26,57406.50000000,57632.29000000,56256.75000000,56298.34000000,303.87103799
2024-08-25,57272.31000000,58113.94000000,56905.96000000,57402.19000000,167.58380223
2024-08-24,57301.11000000,57632.96000000,56735.97000000,57269.55000000,151.91637930
2024-08-23,54311.20000000,58047.53000000,54311.19000000,57308.88000000,447.89770675
2024-08-22,54830.06000000,55146.00000000,53625.00000000,54327.75000000,345.61932192
2024-08-21,53062.12000000,55458.37000000,52862.69000000,54841.80000000,371.62377308
2024-08-20,53657.34000000,55469.03000000,52747.33000000,53076.19000000,301.28743363
2024-08-19,53049.34000000,53800.00000000,52408.27000000,53652.29000000,224.94083142
2024-08-18,54009.94000000,54688.34000000,53019.52000000,53046.89000000,130.08025933
2024-08-17,53452.49000000,54194.89000000,53380.64000000,54000.00000000,74.08506959
2024-08-16,52501.36000000,54340.13000000,52064.92000000,53464.65000000,253.81422526
2024-08-15,53326.55000000,54508.09000000,51195.03000000,52491.11000000,424.84476460
2024-08-14,55146.13000000,56081.19000000,53100.00000000,53328.00000000,308.51748484
2024-08-13,54312.58000000,56141.89000000,53510.41000000,55129.90000000,286.50224950
2024-08-12,53822.14000000,55555.00000000,52780.03000000,54307.22000000,359.11681215
2024-08-11,55860.58000000,56707.04000000,53436.91000000,53835.66000000,239.45474186
2024-08-10,55800.62000000,56358.00000000,55240.07000000,55859.19000000,135.27159029
2024-08-09,56546.67000000,56593.13000000,54533.74000000,55789.08000000,313.86928219
2024-08-08,50512.15000000,57499.00000000,50129.82000000,56542.08000000,460.84007542
2024-08-07,51369.66000000,52950.00000000,50010.13000000,50495.77000000,549.41047371
2024-08-06,49417.12000000,52299.98000000,49371.86000000,51374.96000000,963.93343161
2024-08-05,53330.01000000,53448.81000000,45021.36000000,49408.05000000,3196.63707067
2024-08-04,55719.17000000,56131.17000000,52521.27000000,53309.69000000,1023.84859285
2024-08-03,56352.63000000,57110.64000000,55000.00000000,55717.27000000,553.06040776
2024-08-02,60555.08000000,60794.76000000,56100.00000000,56347.78000000,473.47114375
2024-08-01,59709.38000000,60811.58000000,57709.31000000,60559.44000000,417.82100327
2024-07-31,61184.48000000,61804.95000000,59604.99000000,59715.77000000,336.73080284
2024-07-30,61701.63000000,61910.98000000,60411.71000000,61177.08000000,290.33895527
2024-07-29,62866.50000000,64749.00000000,61368.32000000,61700.00000000,427.70514922
2024-07-28,62490.46000000,62887.22000000,61744.87000000,62854.02000000,107.12922846
2024-07-27,62561.24000000,63876.72000000,61400.00000000,62488.02000000,292.01454843
2024-07-26,60652.22000000,62830.25000000,60571.05000000,62563.79000000,323.17954685
2024-07-25,60318.31000000,61004.00000000,58512.00000000,60650.01000000,335.29952639
2024-07-24,60766.59000000,61800.00000000,60065.73000000,60333.99000000,240.22230240
2024-07-23,62026.78000000,62220.35000000,60224.14000000,60755.96000000,292.25848749
2024-07-22,62526.97000000,62821.99000000,61166.88000000,62030.69000000,250.65858945
2024-07-21,61646.16000000,62721.17000000,60372.50000000,62529.01000000,203.01047905
2024-07-20,61281.39000000,62064.88000000,60871.92000000,61651.61000000,145.74291043
2024-07-19,58709.62000000,62000.00000000,58111.70000000,61283.57000000,410.28483968
2024-07-18,58599.56000000,59624.66000000,58031.47000000,58699.58000000,214.24423714
2024-07-17,59707.23000000,60675.00000000,58347.46000000,58600.56000000,346.32186003
2024-07-16,59421.37000000,59998.99000000,57211.79000000,59699.03000000,405.94613726
2024-07-15,55876.94000000,59585.00000000,55750.00000000,59432.32000000,490.78590908
2024-07-14,54274.50000000,56400.63000000,54257.68000000,55876.86000000,424.42726971
2024-07-13,53103.25000000,54863.10000000,52977.57000000,54274.18000000,208.66300848
2024-07-12,52733.04000000,53662.74000000,52017.01000000,53109.92000000,645.82671205
2024-07-11,53276.99000000,54744.40000000,52591.29000000,52728.22000000,1016.80072263
2024-07-10,53663.86000000,54950.27000000,52789.11000000,53276.98000000,605.65539207
2024-07-09,52267.68000000,53855.82000000,51865.03000000,53631.95000000,1109.47042884
2024-07-08,51589.15000000,53655.00000000,50144.21000000,52254.91000000,1457.34061510
2024-07-07,53664.31000000,53861.02000000,51450.59000000,51589.15000000,293.21252865
2024-07-06,52267.47000000,53892.23000000,51726.29000000,53664.51000000,707.35991637
2024-07-05,52790.03000000,53175.96000000,49437.20000000,52271.97000000,1085.18051491
2024-07-04,55772.09000000,56001.96000000,52549.74000000,52790.43000000,597.16889862
2024-07-03,57747.42000000,57888.74000000,55048.15000000,55766.78000000,383.47526387
2024-07-02,58523.46000000,58894.41000000,57510.25000000,57733.05000000,206.03530587
2024-07-01,58416.69000000,59467.74000000,58090.34000000,58527.56000000,387.64433677
2024-06-30,56881.68000000,58647.31000000,56625.31000000,58407.41000000,155.48993236
2024-06-29,56345.64000000,57117.87000000,56307.44000000,56888.03000000,136.28146021
2024-06-28,57546.99000000,58162.14000000,55965.89000000,56344.17000000,286.13125887
2024-06-27,56946.44000000,58164.61000000,56622.20000000,57545.90000000,263.66774666
2024-06-26,57713.47000000,58294.10000000,56800.20000000,56935.04000000,341.91484885
2024-06-25,56169.13000000,58215.85000000,56122.32000000,57713.87000000,570.89956745
2024-06-24,59127.81000000,59261.30000000,54419.19000000,56186.44000000,697.40788768
2024-06-23,59996.32000000,60246.86000000,59085.16000000,59107.12000000,89.24138584
2024-06-22,59995.39000000,60336.51000000,59797.74000000,59992.10000000,74.27808157
2024-06-21,60577.71000000,60719.65000000,59287.61000000,59987.59000000,270.54473097
2024-06-20,60466.69000000,61937.39000000,60249.86000000,60550.86000000,323.10050356
2024-06-19,60698.63000000,61218.74000000,60200.01000000,60456.22000000,168.56697690
2024-06-18,61908.22000000,61988.95000000,59654.85000000,60685.06000000,363.99799435
2024-06-17,62279.16000000,62696.68000000,60710.72000000,61904.82000000,236.82698332
2024-06-16,61832.47000000,62539.34000000,61687.66000000,62262.17000000,97.60381266
2024-06-15,61752.49000000,62111.00000000,61494.65000000,61829.19000000,90.88944269
2024-06-14,62189.17000000,63090.90000000,60801.06000000,61747.33000000,300.22901419
2024-06-13,63136.04000000,63396.45000000,61617.67000000,62171.28000000,253.89933232
2024-06-12,62719.92000000,64579.89000000,62243.20000000,63140.41000000,352.66408515
2024-06-11,64528.44000000,64588.76000000,61507.14000000,62726.38000000,530.41475073
2024-06-10,64664.14000000,65298.24000000,64320.22000000,64535.72000000,200.93621452
2024-06-09,64277.11000000,64842.00000000,64066.62000000,64648.18000000,159.25443232
2024-06-08,64257.12000000,64500.00000000,64096.56000000,64278.15000000,126.90552547
2024-06-07,64985.78000000,66132.47000000,63309.84000000,64258.71000000,352.28449963
2024-06-06,65358.06000000,65766.87000000,64380.61000000,64984.68000000,283.87105652
2024-06-05,64789.75000000,66063.64000000,64688.44000000,65357.71000000,335.41897846
2024-06-04,63089.34000000,65294.96000000,62931.48000000,64777.18000000,328.10654650
2024-06-03,62428.48000000,64762.10000000,62283.90000000,63080.70000000,304.92947467
2024-06-02,62445.22000000,63050.23000000,62026.91000000,62452.47000000,118.29560654
2024-06-01,62234.29000000,62561.82000000,62130.99000000,62441.25000000,87.06024806
2024-05-31,63105.19000000,63537.51000000,61440.00000000,62230.86000000,277.52115562
2024-05-30,62551.71000000,64124.08000000,62068.52000000,63095.75000000,268.44322450
2024-05-29,62968.22000000,63480.38000000,62062.99000000,62548.69000000,230.22853881
2024-05-28,63874.98000000,63968.61000000,61900.00000000,62969.80000000,340.08480991
2024-05-27,63145.80000000,64989.91000000,62808.92000000,63872.07000000,236.89637878
2024-05-26,63921.45000000,64114.63000000,62843.54000000,63138.93000000,102.45131389
2024-05-25,63249.14000000,64198.39000000,63196.06000000,63939.25000000,103.66428959
2024-05-24,62839.02000000,63878.65000000,61540.66000000,63232.74000000,245.38978772
2024-05-23,63816.00000000,64541.13000000,61333.00000000,62836.76000000,470.83392201
2024-05-22,64375.99000000,65138.74000000,63653.03000000,63816.00000000,376.19678098
2024-05-21,65521.16000000,65933.02000000,63494.57000000,64375.99000000,628.58154046
2024-05-20,60930.51000000,65700.00000000,60750.00000000,65521.16000000,542.13763679
2024-05-19,61588.52000000,62261.43000000,60587.46000000,60927.75000000,202.69537382
2024-05-18,61685.45000000,62012.19000000,61300.00000000,61579.64000000,194.99132039
2024-05-17,60030.50000000,62081.49000000,59963.62000000,61687.99000000,323.11749946
2024-05-16,60779.28000000,61400.00000000,59000.00000000,60018.57000000,394.26686267
2024-05-15,56924.68000000,61022.00000000,56680.09000000,60777.05000000,383.64791289
2024-05-14,58298.94000000,58478.73000000,56500.00000000,56924.05000000,320.35856449
2024-05-13,57085.97000000,58770.58000000,56418.03000000,58293.80000000,325.85438232
2024-05-12,56516.31000000,57435.99000000,56299.00000000,57075.98000000,123.98655238
2024-05-11,56524.04000000,57167.19000000,56208.31000000,56496.94000000,198.07642651
2024-05-10,58522.09000000,58882.51000000,55876.05000000,56514.18000000,447.06249428
2024-05-09,56941.52000000,58835.13000000,56459.29000000,58521.43000000,279.82735664
2024-05-08,57978.20000000,58657.29000000,56638.90000000,56949.08000000,357.82329052
2024-05-07,58671.32000000,59857.37000000,57920.00000000,57961.38000000,305.09384379
2024-05-06,59515.05000000,60834.00000000,58239.85000000,58681.47000000,415.09319745
2024-05-05,59398.45000000,60038.98000000,58461.27000000,59506.98000000,231.06694571
2024-05-04,58509.32000000,59999.00000000,58165.60000000,59392.98000000,274.70356453
2024-05-03,55076.36000000,58931.62000000,54811.98000000,58507.14000000,502.09441795
2024-05-02,54378.17000000,55643.98000000,53121.21000000,55082.13000000,635.05368310
2024-05-01,56844.50000000,56991.58000000,52943.49000000,54372.60000000,1258.79096130
2024-04-30,59581.09000000,60365.57000000,55311.31000000,56852.18000000,772.86685399
2024-04-29,58965.50000000,59875.00000000,57745.77000000,59549.34000000,503.46241480
2024-04-28,59364.36000000,60136.13000000,58647.82000000,58947.56000000,181.01826606
2024-04-27,59639.85000000,59793.40000000,58411.49000000,59364.40000000,226.12657975
2024-04-26,60143.74000000,60545.76000000,59242.36000000,59635.80000000,354.61187190
2024-04-25,60074.92000000,60867.16000000,58755.00000000,60126.24000000,389.91996958
2024-04-24,62060.81000000,62678.55000000,59418.00000000,60083.17000000,431.91218967
2024-04-23,62755.47000000,63046.18000000,61693.41000000,62068.17000000,386.33059160
2024-04-22,60985.08000000,63134.63000000,60520.08000000,62755.47000000,428.47715681
2024-04-21,61073.94000000,61721.09000000,60349.25000000,60953.54000000,274.07021648
2024-04-20,59992.83000000,61521.37000000,59310.61000000,61075.19000000,334.26412593
2024-04-19,59713.79000000,61521.37000000,56170.00000000,59991.74000000,918.21029260
2024-04-18,57485.45000000,60263.09000000,56917.92000000,59694.80000000,565.62223035
2024-04-17,60115.61000000,60782.51000000,56129.00000000,57485.91000000,987.19193770
2024-04-16,59769.15000000,60682.79000000,58042.43000000,60117.86000000,762.53253187
2024-04-15,61870.64000000,62869.53000000,58717.47000000,59747.50000000,1009.51373592
2024-04-14,61005.18000000,62043.20000000,59021.70000000,61867.60000000,760.75833798
2024-04-13,63330.19000000,64027.39000000,57251.00000000,61007.42000000,1559.92725418
2024-04-12,65281.03000000,66588.53000000,61300.00000000,63328.63000000,984.35762317
2024-04-11,65773.86000000,66369.00000000,64846.83000000,65278.57000000,383.48269915
2024-04-10,63684.68000000,66222.00000000,62636.91000000,65761.16000000,444.69384970
2024-04-09,65894.26000000,66017.61000000,62881.66000000,63710.86000000,508.61027479
2024-04-08,64046.80000000,67094.17000000,63770.22000000,65914.02000000,566.93663259
2024-04-07,63618.34000000,64849.98000000,63525.00000000,64048.85000000,219.83451485
2024-04-06,62640.42000000,64318.25000000,62283.52000000,63613.31000000,181.73176199
2024-04-05,63272.08000000,63464.37000000,61077.30000000,62635.57000000,457.05471445
2024-04-04,60962.64000000,63919.68000000,60089.91000000,63262.09000000,453.02671506
2024-04-03,60868.59000000,61980.00000000,60000.00000000,60944.89000000,512.74702544
2024-04-02,64905.24000000,64940.52000000,60011.64000000,60853.75000000,1100.29393570
2024-04-01,66093.32000000,66101.60000000,63422.75000000,64909.14000000,374.26140114
2024-03-31,64582.40000000,66193.77000000,64551.58000000,66099.78000000,191.18973257
2024-03-30,64800.06000000,65187.26000000,64531.79000000,64567.04000000,128.52661545
2024-03-29,65609.90000000,65784.03000000,64000.00000000,64804.53000000,258.96970172
2024-03-28,64228.88000000,66265.73000000,63636.15000000,65616.11000000,372.85584733
2024-03-27,64592.34000000,66339.18000000,63188.14000000,64187.14000000,723.56355016
2024-03-26,64440.88000000,65971.86000000,63893.68000000,64578.78000000,462.38197499
2024-03-25,62194.73000000,65689.95000000,61391.43000000,64434.81000000,786.75081788
2024-03-24,59269.04000000,62558.63000000,59058.70000000,62197.99000000,354.37775492
2024-03-23,59121.32000000,61146.40000000,58377.10000000,59270.27000000,308.58241208
2024-03-22,60314.15000000,61527.63000000,57723.98000000,59092.76000000,778.44754940
2024-03-21,62098.75000000,62450.49000000,59452.00000000,60311.85000000,792.84807062
2024-03-20,57002.05000000,62418.00000000,55904.42000000,62104.86000000,1320.89865175
2024-03-19,62150.25000000,62630.24000000,56617.26000000,56992.73000000,1643.82438685
2024-03-18,62809.05000000,63323.33000000,61175.19000000,62167.44000000,686.58471196
2024-03-17,59904.58000000,63275.93000000,59147.18000000,62799.62000000,848.16305427
2024-03-16,63883.90000000,64377.91000000,59470.50000000,59904.06000000,703.58792108
2024-03-15,65632.21000000,66573.90000000,60178.01000000,63873.31000000,1580.24010395
2024-03-14,66773.00000000,67467.86000000,62942.02000000,65631.65000000,1111.71424647
2024-03-13,65411.00000000,67437.05000000,65279.06000000,66772.14000000,703.39502589
2024-03-12,65704.92000000,66943.61000000,62952.84000000,65424.91000000,1000.88978827
2024-03-11,63085.63000000,66498.88000000,61332.21000000,65689.34000000,1005.81234192
2024-03-10,62549.27000000,63945.01000000,62334.78000000,63064.25000000,414.00852885
2024-03-09,62414.69000000,62799.99000000,62168.35000000,62553.18000000,217.19679871
2024-03-08,61043.74000000,64012.00000000,60410.00000000,62408.25000000,764.59105869
2024-03-07,60635.54000000,62320.76000000,60133.38000000,61027.58000000,594.19610322
2024-03-06,58825.04000000,62297.53000000,57910.32000000,60629.09000000,823.94642282
2024-03-05,62779.25000000,63600.00000000,48500.00000000,58821.41000000,2198.24205859
2024-03-04,58226.26000000,62960.00000000,57439.00000000,62779.25000000,1449.33430287
2024-03-03,57224.17000000,58328.78000000,56628.55000000,58227.89000000,309.28890918
2024-03-02,57565.56000000,57627.13000000,56837.19000000,57211.22000000,261.24992375
2024-03-01,56509.14000000,58300.00000000,56106.21000000,57572.75000000,649.14989943
2024-02-29,57472.17000000,58640.40000000,55753.70000000,56477.23000000,1065.49802200
2024-02-28,52600.59000000,59097.20000000,52309.80000000,57460.80000000,1487.12728374
2024-02-27,49978.02000000,53063.37000000,49978.02000000,52587.36000000,853.57840760
2024-02-26,47818.86000000,50487.20000000,46932.18000000,49979.74000000,644.68082895
2024-02-25,47632.45000000,47979.99000000,47395.70000000,47803.84000000,180.67373572
2024-02-24,46883.14000000,47757.48000000,46732.47000000,47632.45000000,160.86393428
2024-02-23,47370.10000000,47589.09000000,46677.17000000,46873.10000000,347.17726725
2024-02-22,47938.77000000,48117.60000000,47024.34000000,47359.21000000,427.09798542
2024-02-21,48366.57000000,48474.07000000,46878.06000000,47938.43000000,444.01980631
2024-02-20,48063.67000000,49025.00000000,46986.06000000,48364.32000000,611.91851120
2024-02-19,48369.79000000,48706.16000000,47962.97000000,48056.14000000,432.82093359
2024-02-18,47964.57000000,48642.33000000,47519.42000000,48354.00000000,237.63179525
2024-02-17,48410.66000000,48458.09000000,46957.52000000,47959.18000000,415.62814737
2024-02-16,48198.71000000,48950.00000000,47910.97000000,48405.14000000,509.08758712
2024-02-15,48299.88000000,49068.78000000,47672.54000000,48194.01000000,838.80532868
2024-02-14,46440.04000000,48599.40000000,45995.64000000,48300.68000000,821.35946398
2024-02-13,46210.36000000,46661.94000000,45085.10000000,46434.80000000,640.41108637
2024-02-12,44569.87000000,46692.70000000,44133.62000000,46210.59000000,857.91750188
2024-02-11,44034.81000000,44653.24000000,43868.85000000,44552.73000000,315.15008875
2024-02-10,43140.66000000,44400.00000000,42794.10000000,44027.18000000,406.57912918
2024-02-09,42025.18000000,44598.99000000,41992.67000000,43124.72000000,823.95348518
2024-02-08,41133.90000000,42308.54000000,41118.48000000,42012.50000000,454.20625106
2024-02-07,40070.02000000,41199.11000000,39752.84000000,41128.84000000,375.21982565
2024-02-06,39736.46000000,40355.00000000,39591.11000000,40065.55000000,255.90086225
2024-02-05,39502.82000000,40486.42000000,39209.28000000,39731.54000000,318.08445442
2024-02-04,39864.34000000,39950.68000000,39154.49000000,39489.16000000,168.68083541
2024-02-03,40010.18000000,40162.50000000,39739.32000000,39852.73000000,109.33799414
2024-02-02,39628.64000000,40227.41000000,39328.63000000,40012.45000000,283.62426731
2024-02-01,39403.42000000,39827.92000000,38738.07000000,39621.22000000,413.92845202
2024-01-31,39634.04000000,40351.30000000,39100.00000000,39410.58000000,542.94919408
2024-01-30,39979.26000000,40497.75000000,39383.70000000,39633.57000000,448.09912086
2024-01-29,38774.95000000,40077.97000000,38620.34000000,39975.64000000,468.82367944
2024-01-28,38848.94000000,39477.03000000,38384.28000000,38770.89000000,251.82164524
2024-01-27,38562.43000000,38928.11000000,38155.34000000,38857.09000000,183.88120856
2024-01-26,36853.93000000,38931.47000000,36740.98000000,38562.87000000,553.72491938
2024-01-25,36845.20000000,37024.19000000,36448.01000000,36855.82000000,350.07687683
2024-01-24,36770.49000000,37236.52000000,36254.69000000,36845.18000000,669.25689196
2024-01-23,36345.19000000,36858.04000000,35455.56000000,36765.32000000,844.33204031
2024-01-22,38174.41000000,38236.90000000,36138.33000000,36345.19000000,876.86122511
2024-01-21,38280.44000000,38456.48000000,38108.08000000,38178.38000000,103.40935595
2024-01-20,38239.70000000,38443.43000000,38058.69000000,38283.48000000,150.32543212
2024-01-19,37998.87000000,38723.22000000,37000.00000000,38236.24000000,536.44714448
2024-01-18,39276.18000000,39407.88000000,37379.64000000,37988.66000000,718.50309977
2024-01-17,39675.59000000,39728.85000000,38849.96000000,39272.26000000,405.98425404
2024-01-16,38854.04000000,40087.58000000,38700.00000000,39685.64000000,386.11020222
2024-01-15,38125.62000000,39626.61000000,38111.56000000,38856.28000000,565.02130209
2024-01-14,39205.76000000,39384.66000000,38107.26000000,38127.68000000,382.57458439
2024-01-13,39150.25000000,39645.59000000,38799.22000000,39207.07000000,468.52145693
2024-01-12,42225.03000000,42403.63000000,37900.00000000,39146.18000000,1471.06363884
2024-01-11,42588.61000000,44887.99000000,41588.00000000,42227.19000000,1639.99550313
2024-01-10,42250.10000000,43571.51000000,40529.96000000,42576.83000000,1436.15821126
2024-01-09,42922.51000000,43977.39000000,41017.14000000,42224.79000000,1282.63926189
2024-01-08,40212.32000000,43178.99000000,39534.33000000,42919.85000000,1133.08295922
2024-01-07,40259.98000000,40730.42000000,39933.18000000,40205.88000000,410.42694407
2024-01-06,40426.56000000,40484.98000000,39750.00000000,40264.14000000,237.16452420
2024-01-05,40419.60000000,40675.80000000,38811.00000000,40424.44000000,1089.89064410
2024-01-04,39325.86000000,40949.76000000,38999.00000000,40412.75000000,874.41827334
2024-01-03,41126.14000000,41614.69000000,37350.00000000,39332.21000000,1482.34923329
2024-01-02,40091.39000000,41912.00000000,40054.41000000,41120.45000000,989.26435722
2024-01-01,38418.87000000,40100.00000000,38294.70000000,40090.38000000,365.72069768
2023-12-31,38280.09000000,38948.18000000,38111.66000000,38427.75000000,378.74827432
2023-12-30,38216.07000000,38682.77000000,37689.55000000,38278.51000000,517.29575131
2023-12-29,38498.12000000,39067.83000000,37544.31000000,38217.53000000,673.86755739
2023-12-28,39156.55000000,39449.76000000,38158.41000000,38495.00000000,647.48504211
2023-12-27,38533.41000000,39386.00000000,38200.00000000,39151.63000000,569.19493673
2023-12-26,39583.10000000,39599.75000000,37755.39000000,38530.92000000,509.61012104
2023-12-25,39195.20000000,39867.88000000,38952.89000000,39582.57000000,284.21827708
2023-12-24,39810.33000000,40005.45000000,38814.95000000,39172.06000000,426.16169940
2023-12-23,39998.13000000,40014.22000000,39395.00000000,39813.94000000,201.46719337
2023-12-22,39877.59000000,40390.00000000,39405.23000000,39996.65000000,499.54311232
2023-12-21,39898.26000000,40264.94000000,39474.31000000,39875.32000000,672.40043398
2023-12-20,38517.47000000,40428.10000000,38488.45000000,39880.00000000,625.93566650
2023-12-19,39058.48000000,39813.49000000,38076.36000000,38510.52000000,540.70494071
2023-12-18,37976.08000000,39139.60000000,37141.25000000,39057.89000000,769.14301876
2023-12-17,38827.60000000,38948.07000000,37870.33000000,37973.04000000,401.36058375
2023-12-16,38522.80000000,39222.93000000,38237.07000000,38830.10000000,301.10134004
2023-12-15,39156.72000000,39271.57000000,38216.99000000,38518.78000000,584.52462608
2023-12-14,39427.57000000,39678.97000000,38000.00000000,39159.64000000,727.24819953
2023-12-13,38423.88000000,39989.00000000,37612.79000000,39426.25000000,860.27707244
2023-12-12,38312.86000000,39030.85000000,37684.15000000,38422.50000000,916.54068843
2023-12-11,40710.74000000,40715.66000000,37307.18000000,38307.12000000,1815.99094494
2023-12-10,40651.90000000,40978.13000000,40505.00000000,40704.50000000,262.96824055
2023-12-09,41085.61000000,41249.00000000,40520.11000000,40651.90000000,346.84225542
2023-12-08,40123.20000000,41582.65000000,39967.26000000,41084.98000000,662.24128624
2023-12-07,40665.50000000,40939.56000000,39711.37000000,40148.80000000,750.67417435
2023-12-06,40852.23000000,41064.91000000,40239.24000000,40656.41000000,825.39196221
2023-12-05,38751.70000000,41207.99000000,38270.31000000,40837.97000000,1257.10616120
2023-12-04,36730.09000000,39125.00000000,36730.09000000,38746.88000000,1188.95669751
2023-12-03,36254.10000000,36949.99000000,36084.83000000,36728.86000000,364.72531171
2023-12-02,35571.59000000,36500.00000000,35529.54000000,36258.07000000,433.93560678
2023-12-01,34664.21000000,35866.76000000,34528.37000000,35572.65000000,697.33222603
2023-11-30,34522.76000000,34772.69000000,34376.36000000,34650.23000000,432.02346411
2023-11-29,34395.35000000,35046.36000000,34270.00000000,34520.35000000,503.50665097
2023-11-28,34010.88000000,34971.37000000,33693.38000000,34393.59000000,500.77434007
2023-11-27,34269.16000000,34394.58000000,33603.00000000,34010.38000000,410.88784287
2023-11-26,34587.06000000,34603.79000000,34008.22000000,34259.11000000,251.16179440
2023-11-25,34506.38000000,34678.15000000,34400.00000000,34580.97000000,153.24635932
2023-11-24,34233.03000000,35203.43000000,34190.07000000,34505.89000000,566.51301582
2023-11-23,34375.38000000,34482.92000000,33829.69000000,34224.49000000,320.86427742
2023-11-22,32771.51000000,34784.28000000,32677.49000000,34375.45000000,638.44266670
2023-11-21,34264.63000000,34417.24000000,32761.34000000,32767.42000000,470.68136454
2023-11-20,34305.11000000,34543.00000000,33613.50000000,34265.66000000,474.45809740
2023-11-19,33587.35000000,34423.25000000,33403.25000000,34296.05000000,291.75998719
2023-11-18,33608.85000000,33831.78000000,33223.00000000,33587.35000000,219.79632011
2023-11-17,33349.85000000,33875.76000000,33030.61000000,33610.55000000,542.64959174
2023-11-16,34927.94000000,34990.08000000,32710.00000000,33346.16000000,627.45998002
2023-11-15,32706.29000000,35021.53000000,32533.86000000,34916.07000000,734.76263099
2023-11-14,34102.43000000,34378.90000000,31990.40000000,32706.47000000,685.33739419
2023-11-13,34722.47000000,35050.00000000,34000.00000000,34106.01000000,488.31379476
2023-11-12,34815.92000000,34887.71000000,34436.79000000,34720.75000000,213.04418578
2023-11-11,34947.59000000,35034.73000000,34400.03000000,34813.24000000,344.05410394
2023-11-10,34435.84000000,35154.43000000,34050.00000000,34935.96000000,675.06059799
2023-11-09,33280.63000000,35474.28000000,33207.77000000,34434.72000000,1359.34000577
2023-11-08,33132.79000000,33734.02000000,32850.00000000,33282.19000000,458.59937333
2023-11-07,32730.41000000,33600.00000000,32364.10000000,33129.51000000,540.87388965
2023-11-06,32680.28000000,32851.28000000,32386.71000000,32715.25000000,324.08335619
2023-11-05,32744.36000000,33038.42000000,32169.78000000,32679.12000000,321.31932032
2023-11-04,32403.85000000,32918.73000000,32280.00000000,32743.52000000,213.28013454
2023-11-03,32938.58000000,32938.58000000,32033.00000000,32402.37000000,556.07902971
2023-11-02,33489.14000000,33963.08000000,32343.77000000,32932.61000000,803.01856764
2023-11-01,32762.07000000,33705.44000000,32300.00000000,33478.01000000,589.22642768
2023-10-31,32506.29000000,32845.03000000,32075.21000000,32769.07000000,478.12695310
2023-10-30,32729.36000000,32930.55000000,32159.02000000,32508.63000000,571.29236512
2023-10-29,32281.36000000,32921.46000000,32144.67000000,32701.44000000,276.17228021
2023-10-28,32087.51000000,32676.86000000,32057.56000000,32280.80000000,244.83461748
2023-10-27,32331.33000000,32441.06000000,31597.94000000,32086.23000000,612.07902552
2023-10-26,32664.27000000,33043.80000000,32041.07000000,32332.74000000,718.77992222
2023-10-25,32007.46000000,33224.68000000,31811.45000000,32671.15000000,700.32879410
2023-10-24,31005.30000000,32912.28000000,30796.24000000,32017.00000000,1501.23291493
2023-10-23,28310.64000000,32871.20000000,28216.85000000,31013.55000000,1067.56338331
2023-10-22,28232.63000000,28541.00000000,27968.91000000,28313.97000000,181.76175757
2023-10-21,28003.24000000,28657.41000000,27816.31000000,28233.29000000,242.80152506
2023-10-20,27149.05000000,28552.00000000,27050.30000000,28007.17000000,648.03047865
2023-10-19,26889.34000000,27313.42000000,26711.91000000,27146.90000000,430.09615998
2023-10-18,26864.96000000,27404.25000000,26720.07000000,26883.86000000,385.82123325
2023-10-17,27012.99000000,27101.83000000,26613.14000000,26863.38000000,495.24665239
2023-10-16,25829.88000000,28559.99000000,25779.64000000,27012.47000000,987.27092027
2023-10-15,25563.13000000,25937.83000000,25510.00000000,25825.08000000,276.17087979
2023-10-14,25573.51000000,25681.13000000,25512.03000000,25562.43000000,159.46326864
2023-10-13,25386.33000000,25807.76000000,25374.53000000,25574.81000000,382.50871800
2023-10-12,25297.27000000,25412.96000000,25112.76000000,25386.28000000,356.52963699
2023-10-11,25834.89000000,25904.91000000,25068.93000000,25296.81000000,459.93292783
